year,month,dasarian_num,ET0_dasarian_mm_dasarian,hujan_dasarian_mm
1995,1,1,33.31123768249232,220.29
1995,1,2,33.22853507065139,78.61
1995,1,3,38.42418895536427,56.61
1995,2,1,34.846208688450595,151.12
1995,2,2,35.50057945371035,131.35
1995,2,3,29.22331379467652,55.53
1995,3,1,36.43275952133459,147.09
1995,3,2,36.66958630680725,100.75000000000001
1995,3,3,42.49889939322778,148.87
1995,4,1,35.654128297693575,62.29
1995,4,2,37.32403197364419,32.65
1995,4,3,36.0846516360313,71.57
1995,5,1,34.677024856067604,176.70999999999998
1995,5,2,37.32655858944474,102.25999999999999
1995,5,3,36.570238932367964,43.839999999999996
1995,6,1,33.58910492641848,60.519999999999996
1995,6,2,33.24258456399714,60.46
1995,6,3,32.21286307096652,45.28
1995,7,1,33.54970009617842,133.1
1995,7,2,32.98191715056375,35.74
1995,7,3,37.95516868584582,57.75
1995,8,1,33.537522076846486,51.34
1995,8,2,36.40461492151059,12.36
1995,8,3,43.284678202285505,0.82
1995,9,1,34.214947606619205,36.04
1995,9,2,40.67800643351648,0.9400000000000001
1995,9,3,35.315216267952756,35.34
1995,10,1,36.697455589181004,94.12
1995,10,2,36.45125561635243,101.66
1995,10,3,36.80458796079176,87.99
1995,11,1,36.71718050086333,112.9
1995,11,2,32.143538926229816,140.29
1995,11,3,30.1901366518169,241.61
1995,12,1,28.43490457250623,109.91
1995,12,2,34.931528795832065,49.1
1995,12,3,42.324844895149695,25.619999999999997
1996,1,1,33.55742008990205,50.43
1996,1,2,35.86759463342848,30.09
1996,1,3,34.829734993323434,60.15
1996,2,1,30.956707862138565,56.97
1996,2,2,34.96303730096928,108.28
1996,2,3,32.22350062258509,82.33
1996,3,1,40.92906148696669,55.35
1996,3,2,41.4066384491162,64.16
1996,3,3,41.69493096365025,45.57
1996,4,1,35.65186913398629,14.61
1996,4,2,35.693278415873,45.29
1996,4,3,32.588054042922465,137.07
1996,5,1,37.80374508377241,28.59
1996,5,2,38.319205891649744,25.54
1996,5,3,36.356429600829216,46.37
1996,6,1,31.4003447278977,124.03999999999999
1996,6,2,33.49455730882318,8.17
1996,6,3,35.50889419768056,6.86
1996,7,1,30.921907435632868,178.73
1996,7,2,34.877863324599346,37.57
1996,7,3,39.935866434711144,10.17
1996,8,1,33.72952316424168,3.84
1996,8,2,33.24863764588329,40.800000000000004
1996,8,3,38.82568955040097,188.4
1996,9,1,31.710131074026567,136.56
1996,9,2,36.23701244517851,52.06
1996,9,3,35.11867695859693,124.63
1996,10,1,33.120775366314014,189.82000000000002
1996,10,2,36.56441141793258,61.86
1996,10,3,36.42412062085972,109.36
1996,11,1,34.58011967916619,121.84
1996,11,2,36.314853385955104,112.50999999999999
1996,11,3,36.09026294520453,141.54999999999998
1996,12,1,32.598009965421994,83.66
1996,12,2,30.074249779997587,228.23
1996,12,3,33.85636100171636,190.94
1997,1,1,34.36161644455629,38.03
1997,1,2,35.19467329187759,50.21
1997,1,3,39.773245340009474,13.030000000000001
1997,2,1,37.16130210430645,39.54
1997,2,2,34.69819856071113,125.79
1997,2,3,28.641124639817527,38.629999999999995
1997,3,1,40.490684530932974,78.36
1997,3,2,39.85045303031542,61.78
1997,3,3,39.38572019252632,55.160000000000004
1997,4,1,36.50624200440973,168.81
1997,4,2,36.09495420098914,82.62
1997,4,3,34.615033982361346,78.3
1997,5,1,35.798354619818824,87.69
1997,5,2,33.13329587044606,94.75
1997,5,3,38.56497004241373,7.27
1997,6,1,35.40073078134808,40.42
1997,6,2,37.83206197155302,0.09
1997,6,3,34.33773895051126,0.01
1997,7,1,34.090184337758394,22.47
1997,7,2,35.47810572326844,16.240000000000002
1997,7,3,37.90361397587379,0.45999999999999996
1997,8,1,34.72664464475329,0.16
1997,8,2,37.82005771092625,0.0
1997,8,3,41.74329246442819,0.01
1997,9,1,42.665408181771355,0.0
1997,9,2,42.81636899914027,0.0
1997,9,3,42.227329864551066,0.01
1997,10,1,36.0819909332873,1.16
1997,10,2,45.80249490257125,0.03
1997,10,3,49.35516481961098,0.01
1997,11,1,37.64476678143986,1.3699999999999999
1997,11,2,38.64685277731602,85.47
1997,11,3,37.433271925194106,104.51
1997,12,1,33.66501302348686,91.6
1997,12,2,36.58375830226341,25.74
1997,12,3,42.112097253393415,14.79
1998,1,1,36.53573660182646,113.49000000000001
1998,1,2,35.750431555603186,76.41
1998,1,3,38.845512007528455,167.71
1998,2,1,35.70370146784663,71.15
1998,2,2,35.97559831366983,84.58
1998,2,3,30.83634773310157,48.870000000000005
1998,3,1,37.15335448582097,110.82000000000001
1998,3,2,38.34366039281297,79.24
1998,3,3,44.18875109676797,199.59
1998,4,1,37.996793084988234,81.35
1998,4,2,36.46875534887779,123.17
1998,4,3,38.08904855823816,34.01
1998,5,1,35.167960839363595,34.74
1998,5,2,32.88880373263443,150.32999999999998
1998,5,3,41.31843788133004,13.93
1998,6,1,33.2257619960184,51.830000000000005
1998,6,2,32.86789556176107,63.4
1998,6,3,34.10675734153727,22.18
1998,7,1,35.3146103610037,28.5
1998,7,2,33.30754498073836,130.54000000000002
1998,7,3,36.11102324002834,201.78
1998,8,1,35.106237567945186,130.73
1998,8,2,34.70033582554101,72.34
1998,8,3,38.32261606507462,169.65
1998,9,1,35.81891699252716,110.0
1998,9,2,37.329169492588306,38.04
1998,9,3,33.82105993970466,148.28
1998,10,1,34.269800020731545,89.38
1998,10,2,32.97530683616892,177.7
1998,10,3,35.4818172697924,153.49
1998,11,1,34.94183693497794,279.55
1998,11,2,33.43693906964996,43.29
1998,11,3,36.98102723830765,49.05
1998,12,1,33.86849783377575,103.63
1998,12,2,32.65607831496459,127.6
1998,12,3,34.538612917718936,106.2
1999,1,1,32.268737728088524,150.61
1999,1,2,33.37127974691339,76.76
1999,1,3,33.98646323478278,115.45
1999,2,1,35.07625551555072,89.35
1999,2,2,35.7525704700588,24.55
1999,2,3,25.74807165247092,66.37
1999,3,1,35.58073846297669,77.03
1999,3,2,35.91734279081011,81.88000000000001
1999,3,3,41.81496040508731,54.42
1999,4,1,38.722825221372034,56.16
1999,4,2,39.62282003823985,54.86000000000001
1999,4,3,37.08095466890443,25.419999999999998
1999,5,1,33.123463419082604,70.39
1999,5,2,35.60558366254461,18.57
1999,5,3,38.261482853435936,60.83
1999,6,1,34.119204579951216,95.57000000000001
1999,6,2,34.1081855363677,13.41
1999,6,3,32.901933680067394,43.77
1999,7,1,30.49117946408836,67.78
1999,7,2,31.578152700175483,74.12
1999,7,3,39.48223471438788,4.3
1999,8,1,33.79185061908369,15.440000000000001
1999,8,2,35.960159360240944,50.21
1999,8,3,37.72491564704204,26.569999999999997
1999,9,1,38.7735119070364,29.099999999999998
1999,9,2,40.34072913777825,47.23
1999,9,3,37.090913680364366,36.52
1999,10,1,41.312931965382454,98.49
1999,10,2,34.16388690779793,217.01
1999,10,3,35.64640475326533,68.32
1999,11,1,33.717186562346996,145.7
1999,11,2,34.13987226363669,89.28
1999,11,3,35.32853483688436,95.78999999999999
1999,12,1,34.07104055376756,131.73
1999,12,2,33.10964467331336,120.14
1999,12,3,36.08163085405862,157.28
2000,1,1,32.33666019526394,82.07000000000001
2000,1,2,33.38876031237803,39.84
2000,1,3,37.363624184322795,125.46000000000001
2000,2,1,33.48498804842917,101.52
2000,2,2,38.85321987956171,37.28
2000,2,3,33.675345981617866,24.05
2000,3,1,36.95045901434008,44.96
2000,3,2,36.08170004227059,63.64
2000,3,3,40.27497736878385,98.92999999999999
2000,4,1,34.74362890557059,98.00999999999999
2000,4,2,37.744334741256054,56.010000000000005
2000,4,3,34.74775225667727,122.53
2000,5,1,37.85993649527609,21.7
2000,5,2,34.929645260986106,96.0
2000,5,3,37.26458837406735,51.89
2000,6,1,32.44021006878729,74.04
2000,6,2,32.05760545272188,21.89
2000,6,3,29.53863960489008,33.14
2000,7,1,32.76387753630959,27.44
2000,7,2,31.887411450417112,70.56
2000,7,3,33.4531106875601,82.99
2000,8,1,32.993189381925205,64.32
2000,8,2,33.88503578294766,114.62
2000,8,3,41.71542764283799,3.21
2000,9,1,40.12106141487685,4.3999999999999995
2000,9,2,37.58118827675804,23.27
2000,9,3,36.010481613493226,142.9
2000,10,1,36.286230929603725,84.47
2000,10,2,33.38388740725964,191.01000000000002
2000,10,3,36.94836459379582,112.99
2000,11,1,34.19773965595595,45.28
2000,11,2,35.309544969986504,101.93
2000,11,3,32.267591986066705,247.43
2000,12,1,31.293555295507907,164.48
2000,12,2,31.767998852536902,139.69
2000,12,3,35.460103344304784,154.43
2001,1,1,35.85792812887341,97.4
2001,1,2,35.32931679613147,20.5
2001,1,3,35.43844419925432,68.6
2001,2,1,31.79896662451501,169.9
2001,2,2,35.60112568891125,103.41
2001,2,3,26.061609661404642,175.59
2001,3,1,33.46922809179134,61.28
2001,3,2,42.49872157128779,35.85
2001,3,3,41.84168169479404,132.07999999999998
2001,4,1,36.2857448385801,143.07999999999998
2001,4,2,35.80282022411893,118.14999999999999
2001,4,3,36.30051463514558,45.57000000000001
2001,5,1,35.12070593991555,42.24
2001,5,2,33.51435668594655,20.38
2001,5,3,36.78668980384497,16.959999999999997
2001,6,1,33.71558445254261,46.86
2001,6,2,32.34502940199096,9.02
2001,6,3,35.314959672730495,9.43
2001,7,1,34.3519675168762,52.48
2001,7,2,34.70455682179615,58.61
2001,7,3,35.87936150739677,17.82
2001,8,1,32.15572646610111,67.92999999999999
2001,8,2,38.60029831800327,0.44
2001,8,3,37.03914283161809,27.619999999999997
2001,9,1,36.21888199314344,67.4
2001,9,2,42.06256145639432,89.81
2001,9,3,38.66617635788167,74.1
2001,10,1,33.751618453319544,123.27000000000001
2001,10,2,35.85580480496908,114.89
2001,10,3,36.14042631446045,109.85
2001,11,1,35.82022876191692,30.36
2001,11,2,34.529302763394874,186.64
2001,11,3,33.68479630870823,91.68
2001,12,1,31.04569479176273,86.64
2001,12,2,34.269024452810285,64.08
2001,12,3,35.68576333276665,114.35
2002,1,1,38.57717772731418,106.46000000000001
2002,1,2,35.26958782252308,129.24
2002,1,3,34.29344712645529,280.76
2002,2,1,38.76547218730353,5.59
2002,2,2,31.903321193681656,162.13
2002,2,3,29.299641675591374,77.67
2002,3,1,35.079880989329084,47.88
2002,3,2,35.34345974885788,89.55000000000001
2002,3,3,40.389863751067494,105.01
2002,4,1,34.4745370699893,63.61
2002,4,2,36.857678157936455,15.23
2002,4,3,36.465629189276875,53.730000000000004
2002,5,1,32.88680898452358,45.12
2002,5,2,37.39802702992598,34.17
2002,5,3,37.330886761460214,75.23
2002,6,1,34.18762787570937,29.67
2002,6,2,31.34533471297878,39.06
2002,6,3,35.583507216606975,21.669999999999998
2002,7,1,31.910129271898516,28.59
2002,7,2,30.47750505455417,69.28
2002,7,3,35.92719546159418,112.7
2002,8,1,35.72325335635155,68.67
2002,8,2,38.128363870848375,0.22999999999999998
2002,8,3,36.6271513885706,13.299999999999999
2002,9,1,31.396863696946383,30.93
2002,9,2,33.47246637002135,59.830000000000005
2002,9,3,32.2264763283253,38.6
2002,10,1,36.69715291116525,3.9
2002,10,2,40.17218005599203,37.94
2002,10,3,36.7626439857803,10.58
2002,11,1,37.44085616495111,73.9
2002,11,2,35.2624439874357,98.27
2002,11,3,33.971190928848024,94.61
2002,12,1,39.276357802246366,58.5
2002,12,2,36.976764821052186,123.12
2002,12,3,34.380008709941215,96.27
2003,1,1,38.43945498044104,54.83
2003,1,2,37.785524592863574,10.190000000000001
2003,1,3,36.85504622978883,82.98
2003,2,1,35.281171452220484,31.93
2003,2,2,34.32162315655981,109.0
2003,2,3,28.369858345514725,31.720000000000002
2003,3,1,41.6030177496868,26.16
2003,3,2,33.490166361084505,24.02
2003,3,3,41.503489479476485,55.04
2003,4,1,36.84459152556386,151.43
2003,4,2,37.311520390657684,30.46
2003,4,3,33.877310375985594,62.09
2003,5,1,34.48055369601966,174.23
2003,5,2,36.12568934889426,9.78
2003,5,3,38.70930436167129,4.01
2003,6,1,37.930421238672544,0.0
2003,6,2,35.6734158812605,3.93
2003,6,3,33.38430019513576,12.65
2003,7,1,33.63071559764759,57.769999999999996
2003,7,2,34.19892918218494,51.74
2003,7,3,39.105275652056235,0.8
2003,8,1,33.85643362207398,3.8600000000000003
2003,8,2,28.86657069250505,35.22
2003,8,3,36.13626383107546,71.52
2003,9,1,35.748548245553664,12.97
2003,9,2,33.71352310408353,99.58
2003,9,3,39.26626163699848,11.67
2003,10,1,35.10092373309624,154.52
2003,10,2,33.87912666185842,275.43
2003,10,3,41.697615508291186,83.16
2003,11,1,35.881438652435584,62.52
2003,11,2,32.023165437136576,64.5
2003,11,3,35.909071514942035,122.72
2003,12,1,31.75815508994382,165.46
2003,12,2,29.83162388911584,196.31
2003,12,3,39.27092213423698,107.46
2004,1,1,35.07322024495231,22.72
2004,1,2,33.173105296367275,83.53
2004,1,3,36.962672746398056,52.86
2004,2,1,34.57452315408482,28.62
2004,2,2,34.538301762446245,65.89
2004,2,3,30.00512038042942,61.29
2004,3,1,35.05477863470698,24.16
2004,3,2,35.325052847123736,80.1
2004,3,3,47.349086598403396,20.92
2004,4,1,33.966216043035864,94.87
2004,4,2,38.243802064354895,23.93
2004,4,3,35.39763270977547,122.22
2004,5,1,35.33527389424186,161.33
2004,5,2,33.386771765137425,30.5
2004,5,3,35.62473748161611,89.37
2004,6,1,31.959640232233685,34.57
2004,6,2,37.53627492272739,0.38
2004,6,3,33.93836494744515,10.23
2004,7,1,31.269550405335973,38.86
2004,7,2,33.22909062862501,69.22
2004,7,3,35.22506240043998,54.56
2004,8,1,34.79796529607676,30.29
2004,8,2,35.64875162719024,87.05
2004,8,3,35.803137890414774,122.53
2004,9,1,37.87488329861175,113.56
2004,9,2,37.25046212906411,36.56
2004,9,3,34.148840831665865,34.69
2004,10,1,36.902654458943,18.75
2004,10,2,36.84774238362456,13.86
2004,10,3,39.260152185491606,54.91
2004,11,1,37.14835502821015,67.25
2004,11,2,36.345055778712855,116.75
2004,11,3,35.42740075047119,212.29999999999998
2004,12,1,33.768977734757584,72.67999999999999
2004,12,2,32.09618651201012,201.9
2004,12,3,33.82267057547372,184.74
2005,1,1,30.959645168696806,84.38
2005,1,2,34.69265042833243,66.14
2005,1,3,37.934295395006465,41.98
2005,2,1,34.557213777017544,23.8
2005,2,2,32.475011853953255,145.09
2005,2,3,26.402394478530862,53.65
2005,3,1,37.10114685204271,43.07000000000001
2005,3,2,34.092429373772234,104.26
2005,3,3,35.47048950003786,214.35999999999999
2005,4,1,38.78308220788213,49.55
2005,4,2,35.42648207267429,46.21
2005,4,3,32.62452098701545,91.47
2005,5,1,33.94611811062927,123.51
2005,5,2,36.45305115078376,80.04
2005,5,3,35.19613046015708,27.55
2005,6,1,30.021319643780117,78.78
2005,6,2,30.480150917303302,100.8
2005,6,3,35.42468743813225,62.88
2005,7,1,32.454031309425424,44.49
2005,7,2,30.160563539792832,51.18
2005,7,3,31.642283913332207,100.24
2005,8,1,32.706655916828325,41.13
2005,8,2,33.3752962504418,20.689999999999998
2005,8,3,38.62513412669936,173.9
2005,9,1,37.87450844943728,41.68
2005,9,2,34.57492318256585,106.5
2005,9,3,38.79942233333705,78.2
2005,10,1,37.59129749934055,99.22
2005,10,2,34.118909319028,122.88
2005,10,3,38.63770286229021,173.46
2005,11,1,37.37792670581514,33.49
2005,11,2,33.78960851060202,197.13
2005,11,3,33.286845833873556,57.92
2005,12,1,36.5291246320249,60.57
2005,12,2,29.630730110233042,317.52
2005,12,3,34.24367335344623,116.12
2006,1,1,33.59890113111012,205.82999999999998
2006,1,2,33.1689940701805,250.2
2006,1,3,32.34676198396609,86.05
2006,2,1,35.723419938395956,165.22
2006,2,2,35.263484720372944,80.36
2006,2,3,23.959118498638304,126.04
2006,3,1,39.95319511918706,15.18
2006,3,2,34.653745013742125,198.45
2006,3,3,34.95525807719562,73.63
2006,4,1,37.08074124272855,43.57
2006,4,2,36.817059799687186,157.67000000000002
2006,4,3,33.20245630713363,63.21
2006,5,1,37.07928623657842,18.94
2006,5,2,36.555424494015604,17.59
2006,5,3,35.81121982176762,65.57000000000001
2006,6,1,32.743416662938536,108.53
2006,6,2,30.75769878103952,149.56
2006,6,3,31.041634212488447,80.05
2006,7,1,33.73496122936206,14.290000000000001
2006,7,2,29.667716620865058,82.99
2006,7,3,37.54406197667026,15.200000000000001
2006,8,1,38.45824168013744,0.78
2006,8,2,36.91875138519509,0.04
2006,8,3,35.593151011860876,8.459999999999999
2006,9,1,32.9028261322571,1.25
2006,9,2,34.92076335928544,16.24
2006,9,3,41.07609856514617,0.72
2006,10,1,38.565474665150965,0.36000000000000004
2006,10,2,35.97279320937866,2.4
2006,10,3,33.961255962130856,11.290000000000001
2006,11,1,32.08582673466264,37.96
2006,11,2,39.24625801529512,26.31
2006,11,3,36.29826887673189,48.7
2006,12,1,33.741696954104654,109.16
2006,12,2,35.1372992276311,159.14000000000001
2006,12,3,34.30638969438183,168.32
2007,1,1,30.87111970065392,198.41
2007,1,2,34.096729450351134,97.25
2007,1,3,36.994716005564314,199.31
2007,2,1,34.968647476674924,44.89
2007,2,2,36.10525011050887,80.65
2007,2,3,26.890132718731888,126.88
2007,3,1,36.24112601804534,103.15
2007,3,2,33.97589878345116,96.21000000000001
2007,3,3,37.456324804046,82.69
2007,4,1,36.42853078989555,66.02
2007,4,2,37.49766762824794,99.94
2007,4,3,31.723799352002697,81.29
2007,5,1,34.43627451899483,58.699999999999996
2007,5,2,32.71654730894677,109.66
2007,5,3,39.963345787484165,84.21
2007,6,1,33.94426087103016,66.76
2007,6,2,27.810412329710424,107.53
2007,6,3,34.6877106864055,0.7000000000000001
2007,7,1,32.65900583463945,98.54
2007,7,2,34.0079512748739,18.46
2007,7,3,34.641998399234346,54.14
2007,8,1,38.52799644220767,0.22999999999999998
2007,8,2,32.971124434578726,28.35
2007,8,3,38.67243247161697,9.88
2007,9,1,32.60996033032615,133.28
2007,9,2,31.914119061437336,17.47
2007,9,3,40.56661426939818,0.24
2007,10,1,36.45066824761836,30.25
2007,10,2,36.18761994499218,47.68
2007,10,3,37.95176201466964,88.71
2007,11,1,33.66568588542787,154.54999999999998
2007,11,2,36.30220635443078,72.82
2007,11,3,38.17797699315286,30.82
2007,12,1,33.057437093267396,83.73
2007,12,2,31.925571816806432,163.06
2007,12,3,34.94284847009122,120.55
2008,1,1,37.803066706390176,66.07
2008,1,2,40.32310466904458,37.97
2008,1,3,38.89563292864705,82.75999999999999
2008,2,1,34.94409835416757,64.01
2008,2,2,33.82585001467388,6.970000000000001
2008,2,3,27.97925621989968,83.6
2008,3,1,35.87885175272909,49.510000000000005
2008,3,2,34.8449403035765,228.58
2008,3,3,42.42802658426446,93.36
2008,4,1,38.3785860651843,32.22
2008,4,2,33.34578352517583,157.75
2008,4,3,34.73139192210921,119.1
2008,5,1,36.30887575805601,11.58
2008,5,2,39.27600579101159,7.87
2008,5,3,35.64710224009238,42.49
2008,6,1,31.87444780828963,4.37
2008,6,2,32.654807118412705,42.83
2008,6,3,32.502919028387865,22.89
2008,7,1,33.54167451464589,11.84
2008,7,2,29.917019934331492,44.29
2008,7,3,35.683240924677726,4.68
2008,8,1,37.13390073688734,38.53
2008,8,2,33.574521747199846,28.169999999999998
2008,8,3,34.38133196459386,126.58
2008,9,1,31.971199224947114,58.58
2008,9,2,37.52635420702974,54.84
2008,9,3,35.68403917328115,45.06
2008,10,1,35.29289600683461,99.42999999999999
2008,10,2,36.570803226466474,71.55
2008,10,3,37.6832139097726,52.28
2008,11,1,32.80674852723018,175.39
2008,11,2,34.325479210676825,272.25
2008,11,3,34.78047068441111,166.95
2008,12,1,30.92960321932768,284.0
2008,12,2,32.12344977328634,74.61
2008,12,3,29.591469216614385,297.02
2009,1,1,28.8512188454247,73.27
2009,1,2,33.53693512895139,32.14
2009,1,3,35.896176357577104,217.42000000000002
2009,2,1,31.81365504554999,94.80999999999999
2009,2,2,33.81322812157576,38.83
2009,2,3,26.257486221585925,50.09
2009,3,1,36.977488764156334,56.96
2009,3,2,39.19817382181917,138.59
2009,3,3,40.945876847047025,98.63
2009,4,1,35.5327431507058,181.93
2009,4,2,36.316303101343564,124.22
2009,4,3,39.756575742226346,91.42999999999999
2009,5,1,32.615216780476224,69.99
2009,5,2,32.6379900980641,55.81
2009,5,3,45.456197679546555,3.25
2009,6,1,33.22006369935518,82.37
2009,6,2,33.53700443013261,45.61
2009,6,3,32.54536323236596,86.64
2009,7,1,34.5206576329758,51.33
2009,7,2,32.71063532520541,33.33
2009,7,3,39.0408687707336,38.7
2009,8,1,36.402858896190196,7.5
2009,8,2,32.37678905884832,59.980000000000004
2009,8,3,37.16039202921004,27.61
2009,9,1,34.055309394199966,64.48
2009,9,2,36.16120023899711,97.25999999999999
2009,9,3,37.63352651312392,19.189999999999998
2009,10,1,32.23734023935689,117.82000000000001
2009,10,2,38.101737335041506,108.65
2009,10,3,42.28557722132985,34.38
2009,11,1,38.51960194716877,37.74
2009,11,2,33.51606129301685,186.26
2009,11,3,34.91601120798052,105.89
2009,12,1,32.61465629797011,127.58
2009,12,2,35.25895800205143,92.5
2009,12,3,35.53881757626711,176.11
2010,1,1,30.972350468841213,52.28
2010,1,2,31.55079979502162,79.83
2010,1,3,38.41266836564492,69.1
2010,2,1,36.317195092467585,55.03
2010,2,2,33.012453321093986,189.1
2010,2,3,30.38474808379456,142.25
2010,3,1,33.08856015381678,113.28999999999999
2010,3,2,35.50646837811507,82.78
2010,3,3,37.92422762076342,160.82
2010,4,1,36.603096538819145,140.94
2010,4,2,37.964604440208674,65.45
2010,4,3,38.60945279314492,78.44999999999999
2010,5,1,36.06767731054175,87.88
2010,5,2,29.560583397420697,69.41
2010,5,3,38.973893624618285,56.87
2010,6,1,32.60969643782968,122.91000000000001
2010,6,2,33.7789799410734,26.61
2010,6,3,32.79636152736423,40.64
2010,7,1,29.18282117730062,88.22
2010,7,2,31.987623479450885,94.49
2010,7,3,35.23673107229409,91.17999999999999
2010,8,1,32.88477157761209,93.1
2010,8,2,31.284131091751902,130.93
2010,8,3,41.923586071291766,25.31
2010,9,1,32.82979550787246,97.92
2010,9,2,38.332531383531155,41.7
2010,9,3,37.908795967350684,266.47
2010,10,1,36.36057280577509,223.6
2010,10,2,37.879136270242206,67.92
2010,10,3,36.61154394493676,210.71
2010,11,1,33.37678203696012,91.95
2010,11,2,33.41534816185992,158.81
2010,11,3,33.67394313335104,131.39
2010,12,1,32.65220464966044,131.08
2010,12,2,32.4885751294614,85.14
2010,12,3,39.862253193914114,77.97
2011,1,1,33.601641339758984,169.05
2011,1,2,35.491886401451296,7.34
2011,1,3,35.513150794529565,98.4
2011,2,1,35.875877290221,36.57
2011,2,2,40.16626440036596,29.36
2011,2,3,30.322022254503747,46.19
2011,3,1,33.64496266615551,77.27
2011,3,2,35.313474658657015,98.36999999999999
2011,3,3,38.16731273853353,78.51
2011,4,1,35.04201157953915,164.78
2011,4,2,36.746221350725904,67.39
2011,4,3,34.22947793274374,126.76
2011,5,1,35.349473927451996,60.25
2011,5,2,33.62450069817006,37.54
2011,5,3,37.09991024059794,64.74
2011,6,1,33.37765564721232,148.44
2011,6,2,33.166386289522684,12.82
2011,6,3,31.219349663523452,135.09
2011,7,1,31.466204290210158,38.18
2011,7,2,31.105874626592904,66.23
2011,7,3,37.68129129411617,10.34
2011,8,1,35.91138513760871,42.32
2011,8,2,34.79093630703817,40.34
2011,8,3,39.98768596457061,2.12
2011,9,1,37.28271326705158,1.76
2011,9,2,35.51269701393872,25.15
2011,9,3,39.0372447376897,4.35
2011,10,1,37.00410846113755,14.7
2011,10,2,39.56156122198272,20.08
2011,10,3,41.53403742027635,116.92
2011,11,1,35.356509705608914,122.75
2011,11,2,33.964867315171325,81.4
2011,11,3,36.36127101349071,63.59
2011,12,1,33.60686635570709,98.3
2011,12,2,32.03233236306793,121.44999999999999
2011,12,3,37.15441243525664,47.660000000000004
2012,1,1,32.96341040825193,89.78999999999999
2012,1,2,34.91171078587448,140.63
2012,1,3,41.87298361696826,17.91
2012,2,1,33.35143755664644,98.91
2012,2,2,34.12750559694189,32.809999999999995
2012,2,3,33.156906101993776,61.64
2012,3,1,35.000530598456436,70.12
2012,3,2,37.730330211275316,24.44
2012,3,3,44.8467460878186,49.53
2012,4,1,33.4147767732081,87.53
2012,4,2,37.25900372277598,187.85
2012,4,3,37.40135811835548,58.4
2012,5,1,37.37006505477193,46.01
2012,5,2,36.520964298836965,24.08
2012,5,3,34.61550366943475,135.45999999999998
2012,6,1,31.541054051462805,71.63
2012,6,2,37.536583316265,14.6
2012,6,3,35.39591795839232,9.88
2012,7,1,29.36139532692208,66.57
2012,7,2,29.423572876644272,47.51
2012,7,3,41.351543951417305,0.99
2012,8,1,35.96441397546018,33.84
2012,8,2,35.076044471773045,0.73
2012,8,3,37.349552506062594,112.41000000000001
2012,9,1,36.73715316665797,43.56
2012,9,2,38.245522396536366,11.33
2012,9,3,38.7424103492919,0.13
2012,10,1,36.098454628065795,12.440000000000001
2012,10,2,35.40744488267869,73.83
2012,10,3,37.441829212726674,197.51999999999998
2012,11,1,37.099444453435034,194.15
2012,11,2,34.464202221230515,160.68
2012,11,3,34.162749980191414,105.19
2012,12,1,34.5992810762545,124.23
2012,12,2,33.60224326135664,216.69
2012,12,3,36.71398402763448,130.03
2013,1,1,30.852804720922432,193.98000000000002
2013,1,2,33.046698244111674,84.0
2013,1,3,39.494156148894795,132.26
2013,2,1,35.51628705953103,85.88
2013,2,2,34.74791319622839,182.15
2013,2,3,28.660439307479358,42.49
2013,3,1,41.03107603988981,36.29
2013,3,2,36.68441523169453,93.91
2013,3,3,41.58037169950525,147.7
2013,4,1,35.35680621346762,82.23
2013,4,2,37.38381645717819,67.81
2013,4,3,36.055118489293115,83.37
2013,5,1,33.93325827046966,182.88
2013,5,2,35.442199293785464,23.57
2013,5,3,36.61980785909718,50.11
2013,6,1,33.33539672915147,82.44
2013,6,2,31.061508721437985,56.980000000000004
2013,6,3,35.74588901376695,48.99
2013,7,1,29.648733457341518,177.34
2013,7,2,27.683632724188914,157.36
2013,7,3,35.77079297385455,36.78
2013,8,1,32.209645039131495,69.82000000000001
2013,8,2,34.85629248562983,51.15
2013,8,3,44.02895269815138,38.160000000000004
2013,9,1,34.304195265079294,75.22
2013,9,2,33.888941265135934,121.81
2013,9,3,36.61939241411014,91.1
2013,10,1,38.246678387287524,8.81
2013,10,2,34.51068949180325,168.45
2013,10,3,41.749509536969356,80.24
2013,11,1,35.48579421572584,144.78
2013,11,2,32.79512081210092,160.75
2013,11,3,36.19682359621463,174.42000000000002
2013,12,1,34.18717745137727,182.75
2013,12,2,34.69184805427516,85.0
2013,12,3,36.235870124394474,115.89
2014,1,1,33.524522972658396,87.58999999999999
2014,1,2,29.311692703576814,76.87
2014,1,3,32.404772675428454,129.11
2014,2,1,32.35590893121583,93.38000000000001
2014,2,2,40.10262964265738,8.7
2014,2,3,24.489634197904344,83.67
2014,3,1,31.93591052695146,68.77
2014,3,2,35.36433599617461,60.84
2014,3,3,38.633915844216624,83.26
2014,4,1,36.788810545256005,45.6
2014,4,2,32.67561419712632,217.94
2014,4,3,36.32794457247088,114.26
2014,5,1,35.55485118581771,32.47
2014,5,2,36.14173785029426,84.42999999999999
2014,5,3,35.76513033879489,182.37
2014,6,1,33.34119032274684,24.599999999999998
2014,6,2,33.92176594850051,38.1
2014,6,3,34.631420547379534,105.44
2014,7,1,32.99901755580042,39.629999999999995
2014,7,2,31.463915980665206,28.06
2014,7,3,42.32470816535912,53.47
2014,8,1,35.44044970233217,32.660000000000004
2014,8,2,32.64748941588466,85.14
2014,8,3,38.30325274785256,159.89
2014,9,1,36.97436898190381,21.04
2014,9,2,37.49657424618502,32.02
2014,9,3,39.96889663647747,6.550000000000001
2014,10,1,38.3536678748015,19.71
2014,10,2,31.970373943113557,4.14
2014,10,3,38.98919691840293,89.83
2014,11,1,33.01222700354852,225.94
2014,11,2,33.338706467369384,121.28
2014,11,3,35.03014423159963,151.13
2014,12,1,33.8301876909578,127.24000000000001
2014,12,2,34.23481151721436,67.01
2014,12,3,35.094909018709544,106.96000000000001
2015,1,1,35.82513487962205,111.27
2015,1,2,38.0992182755963,81.48
2015,1,3,36.8122374055875,178.43
2015,2,1,34.33986436375522,206.36
2015,2,2,32.18766740417786,103.29
2015,2,3,28.265537369346397,18.85
2015,3,1,39.49862194271303,77.98
2015,3,2,37.404452206300775,76.16
2015,3,3,40.976040961549515,100.61
2015,4,1,35.70938493484484,237.18
2015,4,2,35.94292789775777,84.87
2015,4,3,33.24480779327682,121.71
2015,5,1,35.310409095326236,45.72
2015,5,2,34.461880664477455,33.66
2015,5,3,40.660759001181184,6.869999999999999
2015,6,1,31.705592894542686,127.48
2015,6,2,33.68851563317583,25.810000000000002
2015,6,3,34.3789268117487,1.16
2015,7,1,35.68440440006754,5.64
2015,7,2,32.86182590977488,35.489999999999995
2015,7,3,42.470907864486584,4.3
2015,8,1,31.404089240974628,66.13
2015,8,2,38.44926367138468,48.95
2015,8,3,42.75118310443605,1.5799999999999998
2015,9,1,38.68360868822667,23.82
2015,9,2,33.56838921297925,3.75
2015,9,3,30.237946912794374,27.25
2015,10,1,37.04234303144134,3.23
2015,10,2,38.29927447226893,0.06
2015,10,3,36.268921671820394,4.930000000000001
2015,11,1,32.12645737394358,44.51
2015,11,2,33.113314791557926,150.41
2015,11,3,35.23009999735358,131.13
2015,12,1,33.77456201526316,154.77
2015,12,2,33.118991241529315,259.39
2015,12,3,39.30631274756782,66.83
2016,1,1,34.75182333081231,101.03999999999999
2016,1,2,35.66364916089894,167.96
2016,1,3,41.838674657979475,40.650000000000006
2016,2,1,32.30531602254239,186.76999999999998
2016,2,2,41.05517070927216,55.46
2016,2,3,34.75677990233687,167.12
2016,3,1,39.82470837220608,49.7
2016,3,2,38.48801850122427,166.73
2016,3,3,41.26686314119056,262.86
2016,4,1,37.212538856994485,60.580000000000005
2016,4,2,35.869806746883874,171.29
2016,4,3,34.04898084763734,61.879999999999995
2016,5,1,35.21911500972197,85.7
2016,5,2,35.71582628402099,86.78
2016,5,3,35.47158353863899,103.97
2016,6,1,34.35032278438634,34.67
2016,6,2,32.413029157504425,89.75
2016,6,3,34.421315521289536,13.1
2016,7,1,37.46618453206046,60.61
2016,7,2,33.47326804404621,55.63
2016,7,3,37.013819329974616,21.89
2016,8,1,39.05809158350198,66.38
2016,8,2,35.95809679822596,151.99
2016,8,3,37.51800102945916,165.71
2016,9,1,36.12379647494111,39.79
2016,9,2,37.7475136489345,74.44
2016,9,3,36.723597436720894,69.81
2016,10,1,33.88246657748811,87.29
2016,10,2,37.00416803334486,108.36
2016,10,3,35.747136333032365,85.68
2016,11,1,36.586977556958125,320.03
2016,11,2,36.11945535940748,143.29999999999998
2016,11,3,33.632243177757715,128.26
2016,12,1,30.734515667643517,156.91
2016,12,2,35.07229575229258,46.24
2016,12,3,36.75562869029725,77.9
2017,1,1,31.88033553692082,112.45
2017,1,2,35.00005140447409,79.87
2017,1,3,34.06045548065051,128.65
2017,2,1,33.79552786529471,180.23000000000002
2017,2,2,33.36731399773837,136.32
2017,2,3,27.490392166753853,144.28
2017,3,1,36.76160095608618,136.05
2017,3,2,40.362109013394104,52.56
2017,3,3,40.810561347698375,91.89
2017,4,1,34.20048789341971,117.37
2017,4,2,36.264465447039655,64.05
2017,4,3,36.133050033753975,131.59
2017,5,1,35.73561261869578,119.59
2017,5,2,33.326100080426244,76.94
2017,5,3,34.91065667001766,90.94
2017,6,1,33.675936959047384,29.91
2017,6,2,31.159463503314885,56.11
2017,6,3,31.043866085225023,75.75
2017,7,1,32.08993093467092,64.47
2017,7,2,29.710338121005023,41.82
2017,7,3,39.419706119511694,7.82
2017,8,1,35.170443730006156,19.66
2017,8,2,30.320206356649916,131.12
2017,8,3,39.6751320624247,113.19
2017,9,1,34.90513221606156,112.02
2017,9,2,36.44061887724016,166.41000000000003
2017,9,3,36.56306699718611,77.28
2017,10,1,34.52841346438289,222.39
2017,10,2,38.50645160392115,44.49
2017,10,3,43.546825960441396,47.46
2017,11,1,35.794708959157774,116.95
2017,11,2,36.17182150189065,80.32
2017,11,3,32.26883688232676,157.54
2017,12,1,34.31432031688943,85.43
2017,12,2,33.584471461408654,88.84
2017,12,3,36.38622861507338,148.88
2018,1,1,33.83367244315385,46.89
2018,1,2,33.77702496946866,56.95
2018,1,3,37.800972404068034,122.84
2018,2,1,37.807422576971874,65.21
2018,2,2,33.54839935633622,77.37
2018,2,3,28.353344377799218,83.92999999999999
2018,3,1,35.049359180454694,57.68
2018,3,2,39.29915884133888,140.18
2018,3,3,37.89329086750397,94.21000000000001
2018,4,1,37.335820792380424,74.4
2018,4,2,37.3110053629099,92.23
2018,4,3,34.52681025986435,103.99
2018,5,1,36.80874041583298,66.68
2018,5,2,35.31208016982111,66.33
2018,5,3,36.01809429004365,101.28999999999999
2018,6,1,36.88081711961118,45.74
2018,6,2,33.21370712063036,36.49
2018,6,3,31.551810560951807,113.15
2018,7,1,31.912431729981787,7.76
2018,7,2,34.66961613759251,0.6699999999999999
2018,7,3,34.044621792901275,82.05
2018,8,1,32.03226436753353,27.7
2018,8,2,33.88958179081254,39.739999999999995
2018,8,3,33.471098398521676,199.13
2018,9,1,36.98759596703935,121.95
2018,9,2,37.074859809656026,16.740000000000002
2018,9,3,39.02286251365523,15.39
2018,10,1,37.23465653816547,11.489999999999998
2018,10,2,36.335745120977826,136.29999999999998
2018,10,3,38.596463599705416,140.81
2018,11,1,34.499454643592415,202.53
2018,11,2,35.271102750580546,163.8
2018,11,3,33.471686499434036,111.23
2018,12,1,36.69685486294811,101.15
2018,12,2,35.171711715904365,218.26
2018,12,3,38.90880186235582,171.14
2019,1,1,34.313339677866644,162.04
2019,1,2,34.680907695805445,158.9
2019,1,3,39.80172414687648,55.92
2019,2,1,35.94211915094335,71.46000000000001
2019,2,2,36.4451173606505,87.32
2019,2,3,29.715006405145758,61.05
2019,3,1,35.785380132601986,123.49
2019,3,2,39.753638968477574,54.28
2019,3,3,42.72661805886467,112.62
2019,4,1,39.95394405664267,40.06
2019,4,2,38.57222882558684,112.71000000000001
2019,4,3,34.90105179039408,165.82
2019,5,1,40.79154126579664,27.29
2019,5,2,34.11018593552193,83.47
2019,5,3,40.028678065125106,28.229999999999997
2019,6,1,31.28034341369991,70.11
2019,6,2,30.624527197472403,41.07
2019,6,3,30.15938429312686,36.9
2019,7,1,32.24857991218418,154.67
2019,7,2,34.829906214765366,6.609999999999999
2019,7,3,39.30172415693859,42.519999999999996
2019,8,1,34.45196082324045,0.43
2019,8,2,36.28115341571464,0.18
2019,8,3,37.91228890416371,21.28
2019,9,1,39.381075380985436,6.22
2019,9,2,40.22656674779805,0.44
2019,9,3,35.583487944842396,48.86
2019,10,1,41.53197776845359,14.44
2019,10,2,36.66155056110641,15.36
2019,10,3,43.319836554109784,20.44
2019,11,1,41.10331099709645,6.42
2019,11,2,40.28090190540803,59.92
2019,11,3,36.96298362509979,45.449999999999996
2019,12,1,33.93047335555988,130.62
2019,12,2,35.29574256624194,76.86
2019,12,3,38.01833454589453,180.76
2020,1,1,33.61935093060603,73.97
2020,1,2,33.61800531720789,172.01
2020,1,3,39.62617453148879,214.91
2020,2,1,34.311485642855814,149.45
2020,2,2,36.78438627104367,53.56
2020,2,3,35.99356834920389,73.66
2020,3,1,37.12150564895051,154.39
2020,3,2,38.133859097207676,238.54000000000002
2020,3,3,39.808418865214506,169.35
2020,4,1,37.565557466611146,194.22
2020,4,2,35.429920491398306,101.44
2020,4,3,36.303985807724416,208.42000000000002
2020,5,1,31.021789935592125,82.65
2020,5,2,32.899107085185484,51.03
2020,5,3,36.42738762427126,97.88
2020,6,1,34.230940853636525,79.62
2020,6,2,32.39414127596087,98.08
2020,6,3,33.25360429266968,59.11
2020,7,1,32.43926686416337,72.3
2020,7,2,31.298942912820714,33.64
2020,7,3,38.12580004268232,35.5
2020,8,1,35.958173705595726,36.2
2020,8,2,34.025228756292144,104.49
2020,8,3,46.32411908331537,3.18
2020,9,1,35.41468881621467,169.54
2020,9,2,37.92287203037524,61.97
2020,9,3,37.87393415667737,63.57
2020,10,1,34.96655902399041,245.67
2020,10,2,37.576592882329116,57.67
2020,10,3,39.493012011119255,179.9
2020,11,1,33.15805858292315,140.99
2020,11,2,39.4785795452731,50.14
2020,11,3,32.105232782574475,288.18
2020,12,1,32.66309358563547,133.31
2020,12,2,32.13855031691838,97.29
2020,12,3,38.679632629255984,194.36
2021,1,1,34.227697178648256,111.54
2021,1,2,31.61131100074776,156.27
2021,1,3,37.888662207332,186.77
2021,2,1,37.27955555584144,88.02
2021,2,2,32.13031424337919,100.39
2021,2,3,30.72660341853142,88.59
2021,3,1,37.814529102777406,53.400000000000006
2021,3,2,37.86092176270197,113.46000000000001
2021,3,3,38.79710384055161,78.47
2021,4,1,33.61259998865309,74.78
2021,4,2,35.46851953943912,235.03
2021,4,3,34.67725649666297,59.11
2021,5,1,35.887506224143436,120.28
2021,5,2,32.37485985921676,148.1
2021,5,3,36.20850041657941,157.67
2021,6,1,35.45275158669081,32.940000000000005
2021,6,2,33.044438629004084,80.58
2021,6,3,32.774134783095384,100.91
2021,7,1,31.91992203885751,52.27
2021,7,2,30.46155318700323,110.68
2021,7,3,42.92596210533754,3.1
2021,8,1,34.241230345403814,64.12
2021,8,2,34.76498674364195,121.21
2021,8,3,37.818275081472095,62.11
2021,9,1,33.68011903545255,131.55
2021,9,2,36.99895330243898,53.22
2021,9,3,36.59856286716796,148.89000000000001
2021,10,1,39.004147250804564,54.89
2021,10,2,36.60456683056479,225.57999999999998
2021,10,3,41.71093110098724,156.16
2021,11,1,35.63316014730152,182.04999999999998
2021,11,2,38.43041603550623,24.16
2021,11,3,37.03733120206427,92.13
2021,12,1,37.84407305387211,73.72
2021,12,2,36.60475666281417,122.96
2021,12,3,41.27786715359019,79.62
2022,1,1,36.22199324667676,65.47999999999999
2022,1,2,33.8799960477972,80.58
2022,1,3,40.692065390225395,97.57
2022,2,1,33.722716777052376,169.24
2022,2,2,40.38360761570593,44.95
2022,2,3,34.04631596104123,10.870000000000001
2022,3,1,38.03806975257403,66.93
2022,3,2,38.84077491119822,118.42
2022,3,3,49.67288188129265,6.13
2022,4,1,40.36896568421355,38.92
2022,4,2,35.770116780793,112.44999999999999
2022,4,3,35.654304896380225,145.22
2022,5,1,34.35021435077298,153.60999999999999
2022,5,2,36.626477586639304,28.259999999999998
2022,5,3,35.20365400138011,135.46
2022,6,1,32.48093977321034,83.22999999999999
2022,6,2,32.23065785101215,107.64
2022,6,3,29.95763636875358,273.39
2022,7,1,32.87992950796805,16.9
2022,7,2,30.983206138412193,16.61
2022,7,3,34.025289574529694,286.67
2022,8,1,33.040892954184855,116.02
2022,8,2,34.785360550316994,70.43
2022,8,3,35.27083257704777,299.13
2022,9,1,31.88354401926356,222.31
2022,9,2,36.59029685777095,36.21
2022,9,3,34.22895757487975,86.67
2022,10,1,34.18793652879721,235.72
2022,10,2,34.178388600282716,176.31
2022,10,3,34.66143315974045,100.31
2022,11,1,33.866011116085616,144.85
2022,11,2,30.288117775621625,223.25
2022,11,3,35.00871082904204,75.61
2022,12,1,32.13618399435468,221.48
2022,12,2,35.29937407863737,58.05
2022,12,3,33.888099148483356,84.81
2023,1,1,33.45445762631275,136.19
2023,1,2,32.184581894749925,53.77
2023,1,3,34.944136646723116,125.69
2023,2,1,38.20235357405457,18.52
2023,2,2,34.463569882881075,60.629999999999995
2023,2,3,23.983157572761804,94.75
2023,3,1,36.03331604289537,103.49000000000001
2023,3,2,34.02097954657928,95.84
2023,3,3,41.17727657913084,192.6
2023,4,1,36.34271431517949,141.14
2023,4,2,38.37358023273236,29.23
2023,4,3,36.11633424421284,146.62
2023,5,1,35.14755324201538,57.61
2023,5,2,35.62118982665583,26.36
2023,5,3,38.91475281881255,39.1
2023,6,1,31.87012204313249,29.419999999999998
2023,6,2,31.374072026433154,48.589999999999996
2023,6,3,30.32320037633343,27.58
2023,7,1,29.856812858141,107.92
2023,7,2,30.82234227815544,78.85
2023,7,3,34.747181330319,56.85
2023,8,1,35.797480445873425,15.95
2023,8,2,31.83889878929962,28.48
2023,8,3,37.83707420067428,12.66
2023,9,1,36.818252035404335,0.74
2023,9,2,38.02352715747045,7.79
2023,9,3,41.83193454423396,2.82
2023,10,1,39.39529037907947,1.73
2023,10,2,40.47789729019689,9.66
2023,10,3,44.703607562032516,51.07
2023,11,1,37.443933175831646,45.92
2023,11,2,31.89620008436236,88.8
2023,11,3,31.18074865527588,55.64
2023,12,1,34.018474767413764,30.23
2023,12,2,36.901913313397564,39.7
2023,12,3,37.20024900992769,100.56
2024,1,1,32.84027493383491,171.61
2024,1,2,32.025623903153495,120.27
2024,1,3,41.87952999283606,53.06
2024,2,1,35.4571426682105,144.2
2024,2,2,35.150628411421295,181.23
2024,2,3,30.78008025496873,125.54
2024,3,1,34.11503309387408,302.1
2024,3,2,38.069258344420284,251.57
2024,3,3,40.72445100346912,322.01
2024,4,1,35.916240956201456,95.64
2024,4,2,36.10935585173812,231.31
2024,4,3,35.87859374404345,137.99
2024,5,1,34.0428080173044,142.63
2024,5,2,34.09225193594011,60.199999999999996
2024,5,3,35.06403224607068,144.67000000000002
2024,6,1,32.543681946969535,76.31
2024,6,2,30.907587127028997,139.16
2024,6,3,31.767019316101454,85.16
2024,7,1,31.0277854644621,187.81
2024,7,2,34.927746435945345,1.35
2024,7,3,42.35585835392138,2.97
2024,8,1,34.72789992469325,20.29
2024,8,2,35.71849601866104,3.11
2024,8,3,41.34329286273265,7.64
2024,9,1,36.40851236989911,36.31
2024,9,2,35.346161938591386,61.64
2024,9,3,38.43711103364454,36.36
2024,10,1,40.227853553034116,50.03
2024,10,2,41.002552010585006,80.95
2024,10,3,47.08003789809627,4.28
2024,11,1,35.51918113947364,59.63
2024,11,2,35.85222698577574,149.53
2024,11,3,31.202120870098888,151.53
2024,12,1,32.29404084036502,280.0
2024,12,2,32.787588045929944,128.63
2024,12,3,39.21756951222385,63.32
2025,1,1,35.48884647937759,86.35
2025,1,2,29.325018682915058,144.49
2025,1,3,36.071693896795,106.07000000000001
2025,2,1,33.840224465505706,73.58
2025,2,2,34.70730046663911,88.25
2025,2,3,25.824982584967927,125.15
2025,3,1,34.52454125676938,104.63
2025,3,2,35.18366929101674,208.51
2025,3,3,39.714444275902856,88.21
2025,4,1,34.23502980203897,61.43
2025,4,2,34.41479225060058,151.67
2025,4,3,33.91897422559964,63.66
2025,5,1,36.61688589458247,47.37
2025,5,2,35.59100147375595,36.71
2025,5,3,37.654280680484305,77.46000000000001
2025,6,1,31.996999421878208,82.52
2025,6,2,31.972251089223917,47.07
2025,6,3,31.32349792296047,25.34
2025,7,1,32.20336699521952,65.39
2025,7,2,33.48440105468673,49.01
2025,7,3,35.298788610624705,69.49
2025,8,1,33.888471495509066,145.41
2025,8,2,30.74511129886126,234.91
2025,8,3,40.88164241833026,96.88
2025,9,1,34.22314147885216,176.13
2025,9,2,35.36533115156478,107.21
2025,9,3,38.70419639813941,165.68
2025,10,1,36.58267571388774,126.15
2025,10,2,37.33950807381476,124.60000000000001
2025,10,3,40.87290137688589,106.02000000000001
2025,11,1,36.93264340422944,218.1
2025,11,2,34.59037037941898,121.14
2025,11,3,34.62465606608794,191.04000000000002
2025,12,1,33.41221293081874,134.76
2025,12,2,31.891748908536208,172.24
2025,12,3,36.506279525085304,109.4
